Workbook

Sheet Inputs
A1: Engine Selection Inputs
A2: Parameter | B2: Value | C2: Source / note
A3: Maximum take-off weight, W_0 (kg) | B3: 356073.21 | C3: Output
A4: Thrust-to-weight ratio, T/W | B4: 0.332 | C4: Output
A5: Gravity, g (m/s^2) | B5: 9.81 | C5: Standard
A6: Number of engines | B6: 2 | C6: Twin-engine assumption
A7: Cruise Mach number | B7: 0.82 | C7: Given
A9: Total take-off thrust required (kN) | B9: =B4*B3*B5/1000 -> 1159.7019
A10: Thrust required per engine (kN) | B10: =B9/B6 -> 579.85097

Sheet Rubber Engine
A1: Rubber Engine Estimates (Raymer fitted equations, non-afterburning)
A2: Equations from the Propulsion lecture (Raymer). Valid only within stated limits; they overpredict fan diameter against real engines. T is per-engine take-off thrust (kN).
A4: Per-engine take-off thrust, T (kN) | B4: =Inputs!B10 -> 579.85097
A5: Mach number, M | B5: =Inputs!B7 -> 0.82
A7: Bypass ratio (BPR) | B7: Engine mass W (kg) | C7: Engine length L (m) | D7: Fan diameter D (m) | E7: Ground clearance, D/2 (m) | F7: SFC max T (mg/N.s) | G7: SFC cruise (mg/N.s) | H7: Cruise thrust (kN)
A8: 5 | B8: =14.7*$B$4^1.1*EXP(-0.045*A8) -> 12860.241 | C8: =0.49*$B$4^0.4*$B$5^0.2 -> 6.0018537 | D8: =0.15*$B$4^0.5*EXP(0.04*A8) -> 4.4117242 | E8: =D8/2 -> 2.2058621 | F8: =19*EXP(-0.12*A8) -> 10.427421 | G8: =25*EXP(-0.05*A8) -> 19.47002 | H8: =0.35*$B$4^0.9*EXP(0.02*A8) -> 118.70862
A9: 9 | B9: =14.7*$B$4^1.1*EXP(-0.045*A9) -> 10741.776 | C9: =0.49*$B$4^0.4*$B$5^0.2 -> 6.0018537 | D9: =0.15*$B$4^0.5*EXP(0.04*A9) -> 5.1772063 | E9: =D9/2 -> 2.5886031 | F9: =19*EXP(-0.12*A9) -> 6.452315 | G9: =25*EXP(-0.05*A9) -> 15.940704 | H9: =0.35*$B$4^0.9*EXP(0.02*A9) -> 128.59551
A10: 12 | B10: =14.7*$B$4^1.1*EXP(-0.045*A10) -> 9385.2608 | C10: =0.49*$B$4^0.4*$B$5^0.2 -> 6.0018537 | D10: =0.15*$B$4^0.5*EXP(0.04*A10) -> 5.8372838 | E10: =D10/2 -> 2.9186419 | F10: =19*EXP(-0.12*A10) -> 4.5016274 | G10: =25*EXP(-0.05*A10) -> 13.720291 | H10: =0.35*$B$4^0.9*EXP(0.02*A10) -> 136.54741
A12: Notes
A13: BPR values in column A are inputs (yellow). Edit them to test other bypass ratios.
A14: Engine length has no BPR term in the fitted equation, so it is the same for every row.
A15: Ground clearance uses the lecture rule: engine half the fan diameter above the ground.
A16: Cruise SFC from the earlier wing notes was 14.1 mg/N.s, which lies between the BPR 9 and BPR 12 rows.

Sheet Real Engines
A1: Real Engine Reference (for comparison, verify before use)
A2: Figures entered from memory, not checked against manufacturer data. Confirm each value before using it in a report.
A4: Engine | B4: Take-off thrust (kN) | C4: BPR | D4: Fan diameter (m) | E4: Engines needed for total thrust | F4: Thrust margin, twin (%) | G4: Notes
A5: GE90-115B | B5: 569 | C5: 8.7 | D5: 3.25 | E5: =ROUNDUP(Inputs!$B$9/B5,0) -> 3 | F5: =(B5*Inputs!$B$6/Inputs!$B$9-1)*100 -> -1.8713385 | G5: Closest to 580 kN per engine; large for 150 pax
A6: Trent XWB-97 | B6: 430 | C6: 9.3 | D6: 3 | E6: =ROUNDUP(Inputs!$B$9/B6,0) -> 3 | F6: =(B6*Inputs!$B$6/Inputs!$B$9-1)*100 -> -25.843015 | G6: Realistic fit if T/W drops to about 0.25 with two engines
A8: Engines needed = total thrust / engine thrust, rounded up. Twin margin uses the 2-engine assumption on Inputs. A negative margin means the twin is short of the total thrust requirement.
